machine_id,age,temperature,vibration,pressure,load,rpm,operating_hours,failure
1102,13,75.46540829028099,0.8633885234024327,54.15691567878241,71,1509,15,0
1435,5,82.24876013652926,1.180187122598915,63.02676767513089,96,844,5,0
1860,7,90.63078873972572,0.6328091840838608,69.83511534967928,99,1113,12,0
1270,8,69.67472658082679,0.779424591181668,68.13744156078579,63,1217,9,0
1106,1,93.31542757709282,0.959650814285089,61.95150559838676,48,1355,21,0
1071,6,87.07612688228065,0.7608278359824325,54.223221191543175,43,1901,12,0
1700,1,83.50810840241282,0.6859708241433929,60.794600503566755,56,1125,14,0
1020,2,78.40586588548997,0.9236969025573045,63.29152810982717,56,1314,6,0
1614,1,80.23622299030633,1.0671611332982989,48.82159682195985,92,1013,13,0
1121,11,90.97306041465308,0.7718331274388286,45.73871221992992,89,873,7,0
1466,5,83.7178847390489,0.7662820758378502,43.8606319994266,87,1308,22,0
1214,10,79.9886003272143,0.6704623948633138,42.98892213243757,69,1131,11,0
1330,9,89.68563493371522,0.7408046313188532,38.94403741925447,79,1916,19,0
1458,6,90.0818977749213,1.0167212159660373,51.99921367294182,97,1487,22,0
1087,11,72.50824938675953,0.8162125741387314,42.001977591294946,50,1456,7,0
1372,11,90.71480696576985,0.6390018678139424,43.73182252691694,60,1827,18,0
1099,1,110.01698212860443,0.8524724760647325,55.610044473413815,60,1961,6,0
1871,13,89.69620789375504,1.0102388021972082,51.45287253002808,57,1399,18,0
1663,1,68.00992795156333,0.6876228672905143,53.436999525069396,94,1875,15,0
1130,2,86.77375391839546,0.5342789560808874,60.92119009513665,68,1124,20,0
1661,9,66.69184625806315,1.2381650319745505,56.916239268326365,63,1791,12,0
1308,3,116.6737167206416,0.5242941299913506,62.151092651621305,49,1516,11,1
1769,1,107.35674686984474,0.7281954872288429,50.63981195822456,84,1522,15,0
1343,5,78.34061517204604,0.846425702371734,62.894324730499164,56,1076,7,0
1491,7,62.54332801006164,0.7455144597511418,52.87789411485968,57,1335,21,0
1413,6,76.21628812907215,0.7850178310689963,51.34965008876162,81,951,18,0
1805,12,83.19009261060276,0.9153676335749188,61.69220965021203,87,1754,10,0
1385,1,67.38136257960261,0.3216556684574413,43.02277056645364,59,1058,12,0
1191,5,84.30977485003773,0.5466211056952297,66.1888045403398,76,1123,9,0
1955,5,83.12421335729748,0.8088518772140659,47.74319983970171,84,1816,12,0
1276,6,86.25154697062888,0.7191565976052781,40.255136227605426,57,1668,6,0
1160,3,87.2964517693798,0.8258822516551195,55.228015616446896,56,1991,19,0
1459,5,75.34382400122848,0.8455306565262609,46.981427919053914,48,1487,16,0
1313,7,76.46585960250346,0.3768160009058016,66.20645673529,53,1109,21,0
1021,5,85.4559216447005,1.0547280664303293,46.53679344971882,88,1602,5,0
1252,5,78.69007870126053,0.7003464233799301,52.515591338815696,68,1879,19,0
1747,5,94.07494768417256,0.6268973630447987,38.59525347617517,70,1419,18,0
1856,10,85.358945497677,0.8416710591918559,56.50331395917977,43,1272,20,0
1560,10,103.65003233997474,0.8214320455564487,43.780879393128764,57,1260,13,0
1474,3,93.20482438271226,1.0393381635309276,55.546597522660804,98,1613,5,0
1058,1,96.03713869390597,0.8543746325540035,46.57323808235311,59,1645,21,0
1510,5,86.32566067964785,1.0316221696048602,33.6245225062176,95,1964,17,0
1681,14,86.57361501290296,0.6123645249144589,51.04952072275107,95,1466,9,0
1475,9,102.31320579909178,0.8283722110414998,50.69142813662748,86,1061,14,0
1699,14,81.2170711646297,0.5770504585350222,57.0485725889809,82,1154,10,0
1975,1,90.4677935416524,0.819535171112056,62.448004574713636,83,1569,23,0
1782,3,82.33762467838542,0.7771424088796229,65.29927527933438,48,979,17,0
1189,13,82.31363941612697,0.7685405149598195,56.91323370776709,52,865,5,0
1957,13,73.31103734258281,0.7702944895276735,52.22895353652734,54,1619,19,0
1686,4,77.5748564914306,0.9472778940369195,38.58133128387628,66,970,18,0
1957,14,75.7173054858355,0.4785280685994841,51.61616749592006,54,1273,12,0
1562,1,90.9436880892317,0.6200424274431655,51.71952135951146,67,1333,14,0
1875,1,95.40205928223662,0.791885634650965,48.41087792275177,76,1930,13,0
1566,8,84.05246626421598,0.5642673821057501,55.06374120480647,94,1238,21,0
1243,2,87.29627930163653,0.8092228212402088,58.975245687857075,58,1634,13,0
1831,12,83.47528644894903,0.7898294957517851,43.45276855577053,65,1026,7,0
1504,8,76.89224080107014,0.5192486709894835,43.32812516640426,91,1241,15,0
1130,7,93.62263024796879,0.5093669707491445,48.88566390578697,65,1195,16,0
1484,10,91.52534693759479,0.27524235289014687,45.07816647433661,64,1527,14,0
1818,10,66.07454014696036,0.5558659900636175,36.8699743811211,65,883,21,0
1646,2,82.16890998764747,0.8028646516421201,42.02725810941639,65,1836,21,0
1020,6,76.17972658792571,0.8312375645881755,40.141430823700475,85,1492,15,0
1840,6,81.09061430334775,0.8403799119256902,59.66760406414522,67,1292,8,0
1166,3,78.29568432953741,0.6444162374665239,63.62261604807423,88,1943,11,0
1273,11,84.535796292586,0.7963393031957021,41.236532341643304,57,1769,18,0
1387,2,81.70085264866526,0.8794489218482906,54.36858810509689,71,1152,11,0
1600,12,81.4885930617916,0.5463928900997694,56.988131395758,92,1880,12,0
1315,1,96.07388428338713,0.824665814878108,38.06184970672109,42,839,5,0
1013,6,90.57178660669248,0.9312962423670184,51.287831577431994,41,1439,8,0
1241,12,77.96105349699566,0.7018455740354239,70.26812932277221,72,972,16,0
1776,5,79.44453267186579,1.0124468660699206,55.417174930861044,81,1058,7,0
1345,14,89.91793055399613,0.706513131235006,48.03759566933976,58,1316,17,0
1564,14,89.90419571702766,0.6279878289753851,45.518507798254326,56,1529,10,0
1897,11,78.9621976093793,0.9113682357105841,33.82030732223284,83,1322,15,0
1339,9,82.66009333097836,1.2066587538932914,53.763789248933854,72,1638,8,0
1091,1,103.46806040086969,0.8170707237775618,65.58253429803452,51,916,20,1
1366,7,79.13451911478657,0.9269815608227441,43.49164996481663,88,983,11,0
1955,5,104.10804588458785,0.6982565557804312,34.515322563863506,95,1939,15,0
1454,5,96.03666942525805,0.5516767560407945,44.6862065491742,42,961,5,0
1427,14,102.25416275055466,0.8332531291801467,57.05279796782567,82,1342,11,0
1508,2,78.70928027930572,0.8648799943575822,46.571999961423316,88,1638,16,0
1775,11,83.31444125937239,0.7284177819237676,43.4362552566953,94,1889,11,0
1942,3,80.50836191224437,0.9262113036043013,50.15323932046287,65,1893,11,0
1034,7,96.26753191926203,0.669183998037136,51.83760597734284,74,1246,14,0
1205,6,79.32316227327911,0.6195827468296516,38.89287887382645,47,1215,20,0
1080,12,92.31215493342873,1.012128586097233,48.26173042450541,91,1331,12,0
1931,2,91.7829941119204,1.0130695253083262,46.02185908862129,75,1240,13,0
1561,6,84.51970469285823,0.6731313788328643,44.87276520601534,92,1537,13,0
1871,2,97.98659734164336,1.1437700980809644,41.863706644868415,93,1263,6,0
1387,2,86.07679869726606,0.7425786614939502,57.53006283835838,46,1195,17,0
1001,2,93.34085718608303,0.8169565729287918,44.84490456961578,85,1510,17,0
1389,14,80.05296631082217,0.7830694916303145,34.040437713493716,85,1194,8,0
1565,11,77.76563185893176,0.904752043489136,52.11438257580347,75,1125,16,0
1105,3,92.31145529257608,0.8542842987601885,55.80159578138547,55,1914,21,0
1771,2,89.30840244333749,0.8515924323163316,43.63187147827298,63,1549,6,0
1821,4,87.43307664128366,0.5960876736560228,45.52269848172827,93,1893,17,0
1476,9,81.56311652062216,0.4622875366420631,44.80757023657302,40,1989,22,0
1702,6,100.49209476526303,1.0284320056505725,47.226773108559115,88,1441,19,0
1401,1,73.83414195746153,0.6909108002120513,58.854801457518576,64,1013,12,0
1729,8,73.28656990269027,0.7901933253133044,49.08752662102115,49,1168,19,0
1555,12,94.42166505163829,0.8653597819779563,56.716748365337644,93,848,5,0
1161,14,93.6009638414307,1.1258019206698537,42.24934694762598,55,1875,14,0
1201,7,88.53762778991867,0.8322715849285016,46.93047664335212,55,932,16,0
1957,10,82.12047778097194,0.7210404874151806,57.632110526778455,97,1798,9,0
1995,3,90.02422129190413,0.6952911237426286,43.55515681258993,47,1585,13,0
1269,1,102.20830297119534,0.7925286317516124,58.09709168726825,68,1989,12,0
1862,5,110.15546207874225,0.6181270460718775,44.972927272038895,78,1172,20,0
1815,13,68.43586294524843,0.805775144629802,47.42669987953264,67,1278,18,0
1270,4,80.81079880751453,0.7895960623083972,63.361300698791396,45,1631,17,0
1455,10,80.1822673701516,1.1283053897288304,46.513448182670146,55,1449,17,0
1461,8,101.26519471699682,0.7832797722818159,51.16276642200508,59,1481,9,0
1726,1,60.187050134347984,0.4151023677902301,54.93149138017389,55,1487,20,0
1251,10,90.13835193065546,1.3347021940792958,51.81206919737609,46,881,15,0
1701,1,82.43189691580966,0.9913667462312195,52.040426791116616,80,886,9,0
1295,12,101.3811274954764,1.216469748819117,49.54768204814613,53,1024,17,1
1724,4,100.0103884000446,0.5685360026031032,39.58208632786942,82,815,15,0
1719,8,88.65506734826693,0.7556346437487417,52.78631464079807,65,1621,23,0
1748,5,69.20276929288204,0.9348802482988638,44.140252343906766,65,962,7,0
1337,2,79.26110517664867,0.9072782744568919,56.20613773922541,53,1313,19,0
1878,6,80.35608923386262,0.8613875414719104,60.976491391597484,46,1149,11,0
1052,5,71.73545205546534,0.3600778562998892,35.555541908663876,72,1480,11,0
1791,2,96.5458428185937,0.45751210848713725,60.99046261941683,65,1915,10,1
1921,13,70.46573502725595,1.1035040218127745,46.71153766506365,96,980,7,0
1216,14,104.65327508453711,1.139065906573938,48.95240622252422,84,1542,17,0
1763,11,104.62822634045459,0.7786697417127209,42.70090037990088,59,1459,11,0
1187,11,81.14939738140494,1.0780854948812766,51.507741832530215,42,1292,9,0
1379,11,88.28495370129816,0.5953544467713404,50.534519065419246,91,1722,22,0
1492,3,84.27716521929575,0.6411147893062639,58.615382602342805,43,927,12,0
1040,9,94.0182480036169,0.5795439356273702,44.068853786957945,65,1364,21,0
1156,7,97.74677338564759,0.6300160908622708,63.28641921550327,50,1349,5,1
1014,7,87.57996992120066,0.9445392019045239,55.31771269047112,41,1252,18,0
1812,11,89.69116709781062,0.6275295253873111,50.72775181420327,53,1270,21,0
1064,6,78.79395736060484,1.247948607985573,48.553725088836075,83,1787,14,0
1856,8,89.36713966890338,0.8920141212694876,47.547444422929196,69,1537,16,0
1838,4,86.62762078923981,1.0169054092990177,48.06924980474796,88,1023,20,0
1520,8,75.88205511248643,0.8979881165600146,51.34721565548379,51,953,18,0
1343,4,84.85962890656889,1.0428539300918558,48.32800031445014,65,1359,20,0
1128,8,81.16817482013927,0.6264000000922906,44.875764347940105,83,1150,12,0
1647,9,78.90504418181942,1.0893867076399115,51.39567435869362,72,1970,14,0
1471,3,73.53508792400432,0.8281877771182874,43.3096950501969,52,1148,21,0
1062,3,85.62502733249475,1.041853222193748,52.57973520801398,53,981,22,0
1138,11,77.19525993674657,0.5120871893247632,48.21546371615407,63,1436,20,0
1498,13,80.288918276973,0.8361166413216726,55.57384727385475,73,1817,21,0
1592,2,95.75124275217289,0.8290477433563331,57.91259368556381,83,978,20,0
1391,13,91.32116101268377,0.6761527070041118,57.90944448275791,65,1862,23,0
1674,10,75.21233352138746,0.8626237659494529,52.544840448421006,60,1571,12,0
1418,3,88.51891067906436,1.107921369600303,53.47864976613476,67,1693,10,0
1288,3,86.32780698264155,0.6607695282073758,47.417991791052515,87,1826,10,0
1378,5,102.01696208533461,0.9923708712409878,55.42111750786678,75,1815,13,0
1772,5,98.83145000872274,0.5745153887706984,56.32401088529379,79,863,8,0
1489,2,69.66251274290164,1.2218889189284918,37.461366771803775,41,828,16,0
1230,12,93.611276689586,0.9569200636873417,53.02677756485811,81,1171,16,0
1040,10,97.65197251623698,1.1450234664517145,60.94503846167093,48,896,21,1
1027,13,90.59359208728331,0.9344121038187535,47.14967764316172,62,1792,19,0
1134,6,81.64587856305809,0.8781226355458724,45.403624190928966,54,820,13,0
1200,5,109.13393915117136,0.9585865880971837,46.64109231130944,52,1534,11,0
1839,6,91.51409280927022,0.7727105073291658,37.96099205736699,62,1925,14,0
1779,1,104.76544273728229,0.4764332188883356,51.007871635591286,56,1869,20,0
1929,5,98.51478429473508,0.8894798692933585,50.239723520778014,87,865,16,0
1032,9,89.64134660223304,0.6488993330800491,51.576214663018405,99,1402,11,0
1047,12,79.20299088526373,0.5796676169241196,53.32781296974242,41,1987,22,0
1502,10,84.75895121847499,0.927258633687722,43.61605278254819,59,1934,19,0
1406,14,82.78087547206447,0.7441783050200612,52.18559359217635,59,1137,10,0
1573,2,72.8548104435073,1.005540881321138,53.54558927932584,98,922,16,0
1727,1,91.50281574959703,0.642211846248186,46.092866153463746,85,1246,15,0
1804,14,100.6735300195941,0.7058342046972348,53.36094398601578,42,1410,7,0
1098,10,82.01696505448554,1.0300592052602788,50.645653011093934,94,1470,6,0
1683,13,106.63656499224737,0.8559685321995217,44.95048184445296,51,1414,10,0
1871,11,69.42417214138266,0.5045343918187721,52.262309571869416,79,1696,9,0
1725,9,95.54363548387204,0.8515521765720222,47.67431405317424,41,1080,22,0
1986,10,101.7152023540541,1.0962477097177608,55.57652219211509,75,1866,20,0
1546,9,82.9596941901894,0.7042845110757067,48.0866689594477,53,1395,12,0
1960,9,83.13943494857119,0.9196115392905818,39.68187534587952,55,1502,15,0
1738,6,95.42765175844401,0.630122616968819,52.135895884221206,58,1874,14,0
1612,8,90.05991109959534,0.7726433450061142,51.83522598265148,73,1009,16,0
1942,14,65.02588656540493,1.0179671072900867,41.35090309761871,83,925,10,0
1461,11,76.56626845460619,0.8438463335509947,56.00428892348245,85,1291,9,0
1642,13,84.8645045195254,1.0578539725431273,55.58576668908383,45,1759,13,0
1768,1,71.30301820314934,0.8850604808455724,43.04015846020073,52,1769,20,0
1004,10,80.25825683570096,1.2437479354401684,44.72298959152071,75,1380,18,0
1217,4,71.55314574756066,0.4870173261561461,48.86393909576378,61,1576,12,0
1502,1,81.2982936944661,0.7565613299878071,43.9291829516989,57,1057,23,0
1766,8,81.6337727267884,0.5830932413415898,55.12317747929342,51,1029,18,0
1397,1,88.51754676593714,0.5967501651083502,51.19177559461768,91,988,11,0
1870,3,84.082406760005,0.5985632612387921,41.25154283289412,98,809,9,0
1794,13,90.02789721040756,0.8335451644102441,43.42023269720568,93,1937,22,0
1392,4,88.83544007473921,0.8452601869643734,59.50175341733121,69,1899,6,0
1206,8,95.3133999426431,0.8854911849990234,62.28449902332332,92,1475,15,1
1014,6,93.73783040960116,0.5753878879710896,54.30983180842007,90,1301,12,0
1857,14,92.68123835134716,0.735155036200342,48.30979795879749,79,884,5,0
1553,10,116.04867428466721,0.6071410720487264,46.48029670074739,46,848,16,0
1891,12,88.47402636642329,0.9871763112543432,54.39759534648804,71,1637,6,0
1460,7,110.93571503858861,0.6259464899638053,50.60736427407589,87,1807,22,0
1690,14,89.12218402243934,0.7572575696008237,37.11942842068498,58,1488,11,0
1574,8,84.17149085194109,0.9120612882646212,58.254943860278644,45,1186,21,0
1863,2,81.26834817786803,0.6768742651004871,60.76642613890295,59,1769,18,0
1742,13,100.09725798448429,0.9387756889961308,55.89802026354558,66,1805,11,0
1240,10,101.40503392887938,1.1192159471066299,41.267110442974335,92,1017,7,0
1563,14,90.99783855964729,0.8379423457451052,44.90538840221328,82,1804,10,0
1095,11,96.33546774502706,0.9803221829136815,35.138241109138306,76,1054,6,0
1899,8,72.22779534076916,0.3853158222127235,62.76838793116445,87,1035,21,0
1733,3,69.51220177487788,0.7141896146304298,47.14609149392778,46,1849,16,0
1484,7,97.46326885797454,0.8369801633857954,68.66631457319826,98,1070,16,1
1406,3,83.73188502096978,0.5894069843199387,65.64184024726222,44,922,21,0
1230,7,92.49302417397503,0.8415298670808185,42.77258866904845,50,1455,14,0
1748,14,77.82712050043922,1.01198811121183,44.33385808477589,54,1058,7,0
1654,11,101.56988469704775,0.42408787439799567,53.72952273877696,42,1747,22,0
1170,12,69.59581328110964,0.5621854268392306,35.96366316906984,97,846,17,0
1540,13,71.14414913517311,0.8369626541528371,46.49392706097151,44,1662,16,0
1035,2,99.44311583712344,0.8920839458880097,45.69472799034617,62,1324,21,0
1524,10,58.901582070170996,0.9476160749819302,64.80932753557367,92,1687,8,0
1159,6,88.78568868094916,0.8221778957775536,51.288143084035646,76,1007,14,0
1838,3,83.92674004403423,0.8923024810031619,47.72186417970243,48,1546,15,0
1698,3,77.64048080799971,0.9806961417081362,44.94812213851759,54,948,10,0
1242,9,83.00060151409632,0.7171083796459348,57.15239677859835,42,1237,10,0
1085,7,76.5247650691019,0.6782827827987159,46.02631340855673,68,954,13,0
1795,5,100.42255946048499,0.7662986738130264,49.5977362051,45,1913,19,0
1577,12,103.04497088361609,0.8398975884554827,44.88701182022429,56,1157,6,0
1681,10,78.14262413211655,0.6683453113597364,37.85970294387685,65,1997,8,0
1556,7,87.75524877468531,0.7212485367053576,42.03171897837869,60,1255,9,0
1573,9,71.74923529063953,0.8795403541014593,45.984226341082454,47,1575,21,0
1952,1,95.73052159003127,0.8315501562059431,47.893961357890966,60,1428,12,0
1645,7,95.47009174643314,0.7629325754368484,48.24460859261194,96,1631,12,0
1795,6,82.0473776729231,0.4517861379874702,49.288642395849905,50,1285,16,0
1027,10,85.16885058419895,0.799298401598292,46.090498958791926,77,1332,12,0
1619,14,84.06234550477329,0.6059992064981915,60.79301078534725,47,999,23,0
1555,12,68.81542166319724,0.99661654104118,57.583872958855856,81,1170,7,0
1339,9,100.46004147600127,0.7382557693442985,48.919125862473294,63,1813,22,0
1797,1,77.33046761117569,0.600753588755496,52.03406623792797,74,1652,23,0
1957,13,77.39850727742079,0.7876913452239903,47.02329406837636,94,1047,23,0
1330,4,83.49580145538167,1.0541399170184382,27.252117663585796,53,1587,19,0
1639,9,94.95548585362279,0.9261631698289239,50.1639441034082,94,1063,10,0
1505,4,79.08696784907968,0.8439834301211868,52.44491489000973,53,1881,20,0
1347,10,65.47814778596556,0.5347809881906287,37.09870593567818,49,830,12,0
1472,3,76.13001939270467,1.1243200199532644,53.99528855355682,51,1404,20,0
1230,9,89.24140419078991,0.6756745651928194,47.75538657644152,77,1301,22,0
1189,13,106.89750287809187,0.9867567825744686,52.703469765077294,83,1907,20,0
1224,2,72.40080033626845,0.734927424329717,47.99681082103931,94,1685,15,0
1384,4,72.0349823251917,0.9675015744966479,60.00763579381479,85,1348,11,0
1376,6,69.87404499161184,1.0613748191750547,51.809830564672694,73,1638,21,0
1282,2,68.6327500870066,0.9296274539815067,58.01933166937606,80,1916,21,0
1957,8,97.05691460081431,0.951170991951988,58.677809137399564,49,1647,16,0
1632,8,99.9468857536438,0.7803122027688736,41.04355419129271,97,1413,17,0
1627,1,86.77755893580402,0.7132067715854379,44.08786503983082,56,1211,14,0
1972,12,80.32287227859143,0.8276597379571621,53.612885461810045,56,1231,11,0
1744,3,102.91143786862627,0.7320170988461566,47.07570172993462,42,1477,18,0
1258,10,86.73908041656505,1.2934407421624985,48.09114584594963,70,958,5,0
1358,9,95.89436709360434,0.6015283427018973,60.29251857736487,90,813,21,1
1709,5,79.83551058278184,1.000417043318082,47.51706897446344,40,1172,8,0
1455,6,85.44243854223774,0.9034393669078028,42.24856521401134,51,1024,9,0
1410,4,72.62658354552954,0.8459744416247876,43.32959998691524,78,1896,11,0
1648,10,91.29248971893585,1.0959772199827682,67.4588520095416,43,1310,14,0
1317,2,86.90937750773315,0.8596754905202358,48.574244156918105,81,1402,21,0
1676,11,76.05436767586215,0.673018616051517,39.08601795825672,52,1015,11,0
1224,8,76.18892850473539,0.8583460754506816,35.844331237467244,73,1787,5,0
1818,11,101.15958503338743,0.7633643462189543,45.00290685860709,81,1639,11,0
1233,13,104.71668750461816,0.9006569337633298,48.42782304458093,60,1526,15,0
1683,6,82.86864663332679,0.9626147263258997,57.59338965142138,61,1353,13,0
1663,5,85.67753572762163,0.6281824115271861,56.818761331694134,96,1865,16,0
1974,9,89.00114474648217,1.0390672236005631,49.94922863141732,43,1475,7,0
1826,1,86.48031758159688,0.7490200310263082,46.366651310723284,57,1672,8,0
1373,5,68.2570227946137,0.8887227845364357,52.71681482737352,44,1082,8,0
1671,6,89.27870677190386,0.9234060340641392,36.01003139090889,58,1881,17,0
1607,5,64.12110965399391,0.8734777381261261,65.84864715143374,41,1633,23,0
1471,6,77.67315808742381,0.7781782964694862,55.23284476685289,51,1336,14,0
1232,6,90.05427146624818,0.7022804836014672,56.93592175782618,56,1896,9,0
1691,7,90.99994207924837,0.7462010985393318,41.40677294498711,49,1722,11,0
1112,4,76.8992691579051,1.1130343865057755,60.26118913037277,73,1952,20,0
1829,14,80.41563059813082,0.6268267125741882,46.31986271178964,45,1641,5,0
1496,11,79.06163491001547,0.6561513324074069,42.379535017451495,47,1747,16,0
1441,14,83.9715583686393,0.6473702353712572,49.686621035150246,90,1464,6,0
1563,14,84.73205653364336,0.827150775983533,49.499559312093005,50,1948,11,0
1267,14,91.6846812952911,0.49505891000243885,41.37170341990402,96,866,15,0
1509,8,79.83103137110217,0.5292880287731214,42.840501171669075,51,805,17,0
1806,7,88.73396191913555,0.7478090334081484,42.2141457973756,48,1436,6,0
1385,9,90.07015764487191,0.5424449109403524,42.2902794571454,41,1113,11,0
1386,7,86.98289377371866,0.5587457381434398,46.8952167432032,47,1364,19,0
1112,3,82.40394177550526,0.5439463181274122,38.888118910620335,97,1625,15,0
1612,3,86.8064546427544,0.6306776581733342,44.469004020688516,50,1305,6,0
1624,8,92.51740273393577,0.9462493013340814,58.36107638707415,99,1905,11,0
1951,5,93.39184867716313,0.9911415912242165,56.58647561683347,92,1825,8,0
1080,4,103.15372684826906,1.1838001786437213,41.600966072857965,75,1003,15,0
1698,8,75.09973763693739,1.1764723717026957,57.66563933835387,49,1461,6,0
1112,6,80.59992609004597,0.9572625419760894,34.26848584691161,60,1604,20,0
1001,2,68.86531339731599,1.0055355349602064,69.43315457609722,59,1203,11,0
1641,4,94.31009464327855,0.8262204181371837,60.402505537084735,87,1926,17,0
1219,12,81.65492493643254,0.9039729704024538,45.522144702879146,47,1335,9,0
1565,11,87.06190982029327,1.188720609636634,53.05941249388088,75,1376,21,0
1854,4,78.9566143055336,0.8742425736113661,38.792645375126966,68,1562,16,0
1996,6,81.73296005022175,1.0306477157090481,50.48354231940651,81,916,23,0
1735,6,97.23190105426659,0.6131296782842979,48.53069573998027,51,1427,11,0
1224,1,91.94233410485984,0.6667522551483546,43.32189288486084,53,1548,10,0
1384,14,83.88477942341055,0.8624139195589936,46.251540109393126,87,904,12,0
1402,8,92.67813919476397,0.8299863340126783,45.46410019352459,93,1294,17,0
1637,6,92.89900080037874,0.6760131625190208,40.94610624545892,89,845,9,0
1129,3,81.08574483313265,1.281475516786244,43.1348220328267,60,1622,6,0
1052,14,70.30920439363791,0.8345188207829732,38.4652445920023,61,1781,13,0
1683,9,76.00838372997961,0.7114549895630676,56.85864612448494,60,1759,15,0
1729,2,71.59471396617482,0.830323765472126,42.543098028349846,83,1644,10,0
1671,11,96.64434645992907,0.805085340522327,40.223833027438765,89,1248,11,0
1709,8,98.38115216447682,0.8375605095782177,56.732037438527975,69,1335,11,0
1415,10,100.86373880159016,0.48125659692979345,52.95696283471464,78,1310,23,0
1246,3,64.80444451022831,1.0583893393133732,56.436008447591675,59,1339,10,0
1835,13,95.71400910373721,1.0697658840878301,57.328665793573236,63,815,15,0
1438,12,107.12191309384686,1.094064154407297,65.4996391755074,62,1042,15,1
1202,5,96.11987713810645,0.8650863517072596,48.751681866454526,46,1711,11,0
1183,6,63.48770382129331,0.9324962120329032,38.33913856803594,48,1560,6,0
1122,10,102.68298308396771,0.6267546103985501,52.168302406097006,40,1504,23,0
1400,6,85.41689037131941,0.966579865719478,44.64796301696146,65,914,8,0
1766,4,82.67600893499528,0.8503575413787878,42.33995773347567,77,1196,10,0
1293,3,89.51095296582979,0.7079186768721516,50.79940137773793,77,1193,21,0
1279,4,74.50993077429514,0.9729489383281682,56.926021864076716,93,1898,9,0
1836,1,85.0278237092158,0.9806898072182201,43.31204126722973,83,1777,11,0
1883,4,101.20429645104073,0.8121217671349866,60.19510469865375,61,1926,13,1
1609,1,91.22396870523288,0.8876765160256807,42.08308832797747,83,1096,5,0
1197,12,85.58401472102668,0.5936565976132879,48.048774229396294,49,1801,5,0
1981,1,85.89608159927609,1.0486366874428716,53.090463054246946,94,977,23,0
1906,10,73.18606016701199,0.6202373623930197,46.89680633052753,97,1766,10,0
1510,14,83.50012108600275,0.6589148703841649,35.791981288491705,45,1114,22,0
1751,6,68.65704664370233,0.8124631290861074,57.41925993431044,56,1862,14,0
1143,5,95.2244095239381,1.022903256843692,45.01228527715178,90,1058,15,0
1608,14,63.14289517524657,1.0227897266431323,55.959187595149544,89,806,5,0
1200,11,93.5490037962071,0.799035075618974,39.886846919778705,77,848,5,0
1123,4,94.79410900834061,0.9546026724507624,41.25250734322871,63,960,17,0
1186,13,98.18764615727194,0.4621883101342208,56.899467276442856,90,975,9,0
1325,11,85.86859163161803,0.6561360019740895,52.72406474193619,49,1825,5,0
1463,3,94.16628466157529,0.6602099121072798,46.49131431452259,95,1800,7,0
1348,1,83.40253359634784,1.0504425819519636,52.8402527853667,47,1254,22,0
1770,6,73.13302882312067,0.9309308325816016,42.36768691564514,60,1075,13,0
1659,2,100.30732392537995,0.8369305551809202,50.882072939911275,95,1297,18,0
1763,8,84.03114170384926,0.8563470127658749,51.02843138712052,45,1475,21,0
1954,10,70.90488682526805,1.113667855206025,47.00974715847177,60,1851,18,0
1931,5,80.33185054210217,0.7659640666986898,43.317714355273935,96,1824,8,0
1402,7,80.72675317431829,0.5371865382931921,50.56198862571835,78,855,9,0
1345,10,89.61696918124213,1.017439036879061,49.560150853592816,63,1346,21,0
1962,12,108.47047483372731,0.8363678074410122,46.27342336864313,72,1935,6,0
1510,2,90.22418613282565,0.9907343356331563,41.729484238554,98,835,9,0
1146,13,87.06843851996526,0.7910470385226985,50.09981639468374,57,1238,8,0
1147,8,109.55776199562555,0.6322620952592214,46.29342108130715,95,1394,8,0
1863,2,94.78893539912725,0.8805643442165954,41.722739036504535,67,1106,10,0
1710,4,87.54249204134929,0.8020350141482862,50.348238486064886,96,1418,17,0
1819,1,80.20588141181905,0.8369884565748819,62.86644377644309,91,1932,9,0
1488,5,88.16200076204561,1.1233140988234833,47.06537867274338,71,1156,11,0
1928,9,84.33609595906863,0.58025950452306,61.98221232993618,51,980,5,0
1935,1,85.91434127558996,0.8571837320951965,66.91465371784076,87,867,18,0
1639,9,98.14402424769473,0.6362006619682646,42.3726487809786,81,1091,8,0
1550,11,79.59677816862512,0.28189080537598843,50.07235366559171,66,1491,21,0
1337,8,90.13540708163514,0.7902069621955553,66.82985534253048,49,980,18,0
1871,6,94.48939989837594,0.8062045873999615,49.03136030872765,85,1233,20,0
1640,7,78.37887483175591,0.9247044205901518,50.2944971661232,96,1713,18,0
1778,3,76.77378584510899,0.7564918502832113,36.639956205000864,91,865,20,0
1987,14,83.49658077419096,0.5021999289752057,45.74670479744266,81,1844,12,0
1952,1,80.38370409743538,0.6355136845490275,54.444709477351495,71,1183,7,0
1472,5,96.52332608741504,1.0633917673373408,69.43426114361,81,838,23,1
1945,14,74.98231721435346,0.6326744141418739,48.431945332226476,65,1621,5,0
1150,12,85.6847136852867,1.1166451059385014,36.69898942198916,64,1401,6,0
1414,12,110.46048333404475,1.0099968585142767,38.75800647381353,50,1584,19,0
1989,2,89.13056533786182,0.7364438791327861,49.71368251249363,62,1470,14,0
1297,14,90.79290144304885,0.6541841673794603,59.41765438441799,73,1896,22,0
1610,5,96.60682495697125,1.0095825938261158,55.09882946300316,96,1278,18,0
1262,8,80.3705093457464,0.751817750981276,53.68204690808101,91,1360,21,0
1763,11,74.18580371254596,0.4908699720600083,60.47315509534077,79,900,17,0
1143,9,86.76511276162745,0.9124633241246517,44.238167299848385,62,1313,5,0
1345,2,87.65403828348538,0.8834526895716373,50.152757759660524,68,975,9,0
1623,12,68.81789205286839,1.0275412405429556,45.83694303838084,70,1037,17,0
1571,3,88.75071914682778,0.8699189998720595,47.82835411638341,46,1709,18,0
1880,3,95.6985049870104,0.6901706045908566,41.94984516539612,79,1882,7,0
1001,1,75.87051926975991,1.0539357679204269,47.24819142852963,72,1922,19,0
1896,8,89.35555848374813,1.0733980865357688,49.77827547003681,60,1670,23,0
1303,6,93.92263660370133,0.8466411927970415,47.0282280011076,41,1294,21,0
1253,12,90.8667820853008,0.8120643829065944,48.71150797588959,57,1746,7,0
1651,13,91.81006238741557,0.5353457953789791,53.24032434749749,86,1554,20,0
1452,8,82.55199758193699,0.6784947315307048,59.9095661525152,72,1010,18,0
1036,11,73.72495662259404,0.9521539283918707,60.489246944900785,76,1946,16,0
1159,9,80.52853537616087,0.6885439399274599,56.09137413917594,73,939,16,0
1008,5,79.13942898129375,0.5086324261213355,39.92014817249347,59,1340,15,0
1232,14,84.19740953792454,1.4991755579200199,47.11672011544117,74,1069,21,0
1098,12,95.9327090545993,0.5073188083146623,47.80571975429919,90,1835,12,0
1658,14,71.8815987183583,1.2513502792868236,44.74280135369148,89,1305,21,0
1815,3,86.44250022817391,0.7385153110803481,52.738809432236856,93,1929,15,0
1207,5,74.36598354482147,0.7830874001712385,37.24537205374834,57,831,6,0
1130,5,77.59953082177229,0.6655443455624803,63.54853175622633,85,1897,14,0
1403,5,90.58740752611841,0.9565674329475785,59.56176537217372,63,1994,14,0
1151,3,73.10054946634301,0.5120451573779832,53.82561809521406,47,1892,15,0
1053,11,92.34244289702978,0.43193419275316564,49.50312536063852,69,1612,10,0
1119,14,71.47835553375275,1.1220343058757214,59.83071436058043,83,1161,8,0
1672,10,91.6698040343816,0.6392055202386044,55.51523949424214,92,1728,16,0
1919,14,69.50468730421488,0.949217623907937,58.85310227374474,49,899,15,0
1627,4,78.82187320743384,0.5829087846207568,49.52758334192128,62,808,17,0
1586,9,103.96494383129561,0.9416842085789164,64.31450468691334,91,1496,9,1
1624,13,102.08546369766887,1.13670929975569,59.335103005518846,88,1852,10,0
1967,10,80.87475347482855,0.6945757229169768,54.07629036348745,50,1937,5,0
1419,9,88.89960586029902,0.4133117786428038,60.04778336344924,41,1261,10,0
1421,2,97.04068018884884,1.137758782661981,46.64670446532822,97,1720,22,0
1103,8,91.81296174420471,0.9852488643049784,40.65999712522379,65,1966,13,0
1851,8,82.26535753545176,0.7052857532457384,52.57240410437981,75,1189,19,0
1253,7,77.51364685963667,0.7564095893462708,49.54327643349225,72,1431,12,0
1226,8,93.68103142957929,0.5778695607500628,48.418261261778966,86,1481,23,0
1111,14,96.30703308614501,1.084051386488392,59.730496314795225,52,956,20,0
1509,3,102.15701834394388,0.693056878437871,51.33711370568504,79,1134,10,0
1472,13,68.1275057654693,0.5162582924905053,52.10855258828388,64,1059,10,0
1098,6,72.46875211798948,0.8427291763024943,47.38357952996723,43,881,7,0
1152,1,96.61923602147081,0.6279973276842921,57.04898511423621,81,1553,14,0
1860,7,69.48469453249822,0.5939970848273785,55.61500625046335,58,1995,5,0
1913,1,97.38549954911933,0.7139801592476109,56.98927741515435,57,1519,18,0
1895,9,82.85067494014608,0.8172710631000741,46.02188826691057,76,874,8,0
1877,1,79.79086180663316,0.5237780488170507,60.432707680375955,69,1425,16,0
1337,1,87.05428596271469,1.0770297850424648,64.71014739013098,58,861,10,0
1705,7,71.54631547764501,0.9354319424131575,56.73630717859765,97,1673,15,0
1821,2,93.24014830598352,0.7269274018454538,43.52569370204567,62,1119,16,0
1162,14,101.89636997694697,0.6193313027406004,43.58238172611039,98,901,14,0
1719,5,93.70576215814242,0.7821549094166672,46.9969843552553,93,1673,22,0
1956,8,82.53491307445859,0.9798870081511444,45.484982287851835,55,1753,11,0
1680,8,69.61964292234559,0.9489168054399358,49.43125899450188,40,1054,11,0
1995,3,70.00412543797067,1.0117008600902357,55.05953973094278,51,1369,15,0
1160,7,71.70356697760693,0.7039245018039356,52.31961952599879,63,911,8,0
1579,3,84.87721722887683,0.21501496416066457,51.61831245109031,73,1784,5,0
1800,6,86.13400063272604,1.0495622395832496,48.07037800159883,92,1797,17,0
1397,6,93.68443510740995,0.7665607713855297,49.40923258268361,96,1260,22,0
1276,3,67.03971013516924,0.9332332130943325,56.372604060232014,47,1507,13,0
1815,7,98.11210230392399,1.1338457509280604,33.90433578000148,57,1686,13,0
1915,3,91.94406318945371,1.2868817266475365,49.90887673217015,96,1915,13,0
1503,8,81.73163706937865,0.6700357043718359,52.3039007594186,87,1875,14,0
1895,10,73.102384582679,0.8267919814331289,56.26866454837834,44,1319,6,0
1391,4,97.49140641691119,1.0733672921210893,41.91963248572941,65,1611,10,0
1134,13,81.99906038762616,0.6311441962954009,41.496722540375046,69,1921,19,0
1194,1,84.79981100655571,0.6835776812419144,54.67163995902507,93,1035,7,0
1400,4,88.83611970787932,0.6823922843082251,34.764382077944674,52,1726,15,0
1639,14,75.86801094218389,0.7943819373183956,60.65751288608628,58,1356,10,0
1032,7,82.17819420974752,0.7559752639420061,51.812735931942484,68,1448,7,0
1687,11,93.6531690202038,0.6812409355487351,62.4697697027475,42,1033,15,0
1459,4,92.64096078496274,0.6068485168787482,41.3034209874439,65,1855,19,0
1954,13,92.73107206695238,0.9623880656790584,46.509124250254075,79,1378,17,0
1882,6,73.44820248859568,1.0675662041932235,30.737053384584915,98,1341,14,0
1469,9,82.6341964927086,1.096542958834483,43.63448189603779,97,913,10,0
1374,1,81.03606164952195,0.7037852885231032,48.529224954224965,97,1003,19,0
1021,13,89.25178842274701,0.9707449344514556,34.298339359932505,51,1852,22,0
1749,5,88.35657989648898,0.8472651805455551,46.8429855024128,41,1442,22,0
1669,11,86.55427330742937,0.685865730277335,34.101278585118045,50,1273,11,0
1037,7,109.6573395541993,0.9468436437416392,47.9403185207086,83,1496,19,0
1229,1,82.09193919855963,0.6766789891909006,59.17689541686589,67,1052,22,0
1364,14,80.92176913931456,0.7247646794436624,49.72016199908702,57,1704,22,0
1562,4,73.43250329663944,0.5246540594992741,63.26565898089442,52,1185,13,0
1437,6,69.62152674071129,0.7071557805133548,56.29034050715688,76,861,6,0
1775,2,72.79682622784225,0.850772241802917,60.78518278885577,61,1314,12,0
1282,10,77.8131807455672,1.113786899135499,43.88043807297373,51,1229,6,0
1026,5,98.10073094437853,0.7293009107596627,43.68686697285918,41,1379,15,0
1225,11,85.39163904361858,0.5923661705826133,52.76490733108295,76,1964,11,0
1276,10,86.93330666952734,1.0994737941868251,37.37838326693713,46,1542,10,0
1797,1,84.03726691797904,0.6990895125831564,53.76914999809672,65,1474,14,0
1608,6,88.65300993021789,0.45032366877182706,47.40864146762456,65,1110,9,0
1283,6,99.02072147217844,0.8266187470273568,60.63997470037326,63,1270,15,1
1878,13,65.06069163731965,0.735045305344165,55.436098032635286,51,1608,5,0
1959,4,97.1833731558538,1.2600791285370343,58.77365144272102,55,971,6,1
1480,13,59.84961547464993,0.8950732068694425,43.96635134883962,62,1375,5,0
1452,8,85.28202711521928,0.7707315292690329,58.38568215009383,79,830,23,0
1828,4,106.91907354744416,0.6151005581488793,61.55769995491426,99,846,6,1
1815,8,91.80657939531544,0.8660333682385936,49.69028941295728,48,929,8,0
1658,13,88.73058935320637,1.0913419900123589,44.0851950450681,71,1151,16,0
1515,8,105.01945966802973,0.8623628366954521,44.225702390124724,54,1777,22,0
1546,5,77.96937101998856,0.6305140615764109,59.91210393612772,76,857,5,0
1191,13,89.33967422465048,0.9077612423503909,71.47476593938649,52,1929,5,0
1048,4,90.78117097473893,0.7902786210254369,42.14683943859822,44,1611,18,0
1511,12,79.77597865772974,0.8897226206636325,41.53183959965952,50,1567,8,0
1016,13,80.6588982050402,0.729038529963156,57.37131344539583,49,1482,9,0
1171,2,79.5622056677666,0.7243409451477576,43.96869176506684,91,1985,15,0
1219,11,85.87314974008564,0.7164440405136441,58.14684307382616,52,1796,17,0
1157,3,90.46691605771314,0.9884476302994724,53.722769388213166,80,1085,20,0
1476,3,86.23230272914662,0.7263549449517818,49.80818158001629,92,1894,17,0
1045,4,92.09461817429856,0.7080538537251546,53.5301722761735,85,1685,6,0
1372,4,65.30852714026452,0.6115868196875267,53.04158695322715,89,1196,20,0
1517,10,82.81748836257164,0.8908027603433535,48.563148017710596,54,825,10,0
1098,11,74.76580689649354,0.8623403604262437,35.949111746892044,81,1112,18,0
1891,11,88.01722512682899,0.7102463551022739,51.42920582871228,95,925,5,0
1744,5,87.86917428672324,0.6581242584884278,62.58448292851331,46,1610,21,0
1036,4,83.84377885042545,1.1752346826455424,37.12985069436381,79,987,15,0
1279,11,90.10279010532071,0.42391138897503244,42.27371983888844,67,1497,23,0
1348,14,94.97812718264028,0.8986344006403443,53.41461579812809,71,1609,7,0
1496,10,84.39479477693692,1.0582807096432016,50.308734901858244,74,1515,15,0
1301,8,74.48305111900298,0.12263724770233997,53.28945727667431,54,1249,9,0
1180,6,69.18742429080518,0.9588280120152359,44.40545433737871,87,1322,21,0
1606,6,85.36110175330128,0.7559490797007824,59.29966629273845,75,1785,11,0
1098,8,87.41866701513541,0.8512109728566519,50.37520452552169,60,1457,14,0
1699,7,75.3047611048002,0.735352407095582,55.57588417874445,45,1396,15,0
1992,10,92.25766823163033,1.0150786891292154,52.56221928776877,40,899,7,0
1115,14,80.41043114175426,0.8726238683342715,51.40395974368794,43,1415,14,0
1190,11,68.4356713482885,0.8263439779068632,55.01466925622504,50,1747,14,0
1252,12,97.5643634234519,0.6202278786082814,51.4919036317356,83,1355,18,0
1980,10,96.43987919202164,1.1764584467668378,40.47840777523591,65,1077,16,0
1927,13,64.84400563336902,0.8019862039466542,58.69885460572772,76,1290,19,0
1982,8,79.37399718346308,1.2579611594920919,56.54501828998547,62,1054,14,0
1160,14,78.98416318585724,1.185513877035639,33.14519686913752,68,1180,14,0
1255,2,101.39488659417503,0.4443298065469239,44.76639772099458,60,1691,23,0
1322,9,84.00707289958343,0.669010807839462,58.33888369994246,87,1341,5,0
1127,1,70.04121801944582,0.5926097988050116,35.384571628177326,84,1624,14,0
1017,8,93.82104782240879,0.7903587837025876,57.54853505520595,84,1678,6,0
1792,12,72.6922445423392,0.8374328040972324,48.870219714765994,88,1938,21,0
1734,11,82.39659509278239,0.8459852935786861,60.72226056267193,66,1080,11,0
1565,12,77.30231122119123,1.0108257352037957,49.99082568739629,78,1572,11,0
1569,12,79.3954490172006,1.098716553861774,44.223456056034976,79,1642,13,0
1322,4,94.37258089563939,0.9934975498477279,52.46468528607313,52,1518,6,0
1871,4,100.21330161332166,0.6878129571552507,49.75691608392011,62,1127,18,0
1685,5,72.25631253620621,0.6435952269785121,43.51319092687456,98,1010,21,0
1791,8,91.26076425507817,0.8005523671767873,67.74674786409109,55,1526,5,0
1625,5,77.67246370310004,0.8852239052809323,42.23121454732548,69,1722,13,0
1287,8,77.98328089975925,0.7633617308565755,32.05635699952165,43,1351,23,0
1942,10,89.90636221422714,0.5309030327495556,62.65359174497194,79,825,8,0
1853,1,74.72097234286305,0.9364119017153602,45.33149222147259,55,826,12,0
1662,12,89.70602600775045,0.7215370462532193,47.62581391227444,70,1501,17,0
1961,10,92.30113356509735,0.7154974531155914,47.136751482967725,92,1906,8,0
1638,9,80.67467738300982,0.7890774651883815,45.442788526733395,81,1481,13,0
1154,6,98.27078102013667,0.7520202165839679,43.87046022989243,64,1212,13,0
1489,3,72.27175387938493,0.7266997888975797,42.025461580024285,83,966,22,0
1385,13,98.45406190611672,0.5439749386133621,50.518078093636525,51,968,16,0
1985,14,65.56012570514866,0.7775505066096683,46.784099538594916,65,1028,14,0
1784,8,111.99714140419509,0.9405907583813736,55.84289752267157,76,1166,15,0
1103,9,80.93797761378167,0.8529288010242578,53.861552412929235,87,1327,11,0
1928,6,73.37692843612382,0.989624287820129,42.57990245179677,72,1590,13,0
1392,11,82.67328091480002,0.6542909955359987,50.86817020857885,67,1323,10,0
1810,7,74.53522057375571,0.5443883041764397,46.65729340702917,48,1895,23,0
1245,1,88.86965298854543,0.7508300042044007,42.06671645893068,51,905,20,0
1175,14,98.67657331470147,0.6771526762902607,55.51545256412106,44,1531,19,0
1038,5,75.06543773943322,0.6979330033584504,49.02939776553308,93,1764,11,0
1476,5,90.79399239174003,0.8423499436162255,46.73959983863617,91,932,20,0
1681,10,69.6726463110424,0.6993838921790689,43.15546210861377,93,1333,9,0
1758,14,95.32954733228613,0.5499863021587212,41.77650591141329,67,1774,20,0
1537,4,89.16236366927595,0.6882010544236004,65.91014419131636,95,1068,5,0
1866,6,95.7618332133032,0.8680118733721603,52.67294919703997,74,1472,23,0
1817,7,83.77653097358895,0.9342961202013835,41.27096770237747,44,1590,9,0
1920,9,80.64843402145249,0.9322845568166694,52.3029271865825,73,817,11,0
1407,1,93.16117436057333,0.884894618849582,58.496129414364304,85,916,23,0
1524,6,71.91951478441581,0.7663813068069512,51.34014090024034,73,1597,9,0
1827,7,67.57175668266424,0.8809828197918259,60.992170737064995,52,1967,21,0
1505,3,84.95038015959962,0.7915328683603526,37.65749486344026,78,1350,12,0
1902,8,81.10403393141208,0.8226192275640476,34.06942362095832,81,1728,5,0
1824,5,90.53833331781546,0.6121346524268121,52.08413937483002,84,1552,6,0
1035,9,95.91551424313997,0.8087749927521432,52.211969146991066,87,1221,19,0
1684,5,90.33014079151138,0.8757332468502823,23.283998573966063,97,1445,22,0
1019,9,95.11903311826745,0.8682254626879418,45.01139127038388,53,1357,15,0
1320,10,88.21052333332165,0.5424961947881404,41.93070148493236,50,849,14,0
1775,4,89.94595748321099,0.8192521552806765,38.86443007437475,81,1477,8,0
1511,9,83.8334279016773,0.5112220845072173,41.911665883121515,77,905,9,0
1399,5,89.65045461015183,0.8347353292277053,54.76630241279488,43,1457,8,0
1653,10,86.66652828563514,0.6597325616794573,41.86075982968234,92,1895,17,0
1971,9,88.25176796529064,1.141128588505089,42.13502292334527,72,1787,17,0
1882,3,83.3327596691316,0.823848665859178,37.04955752913857,46,1641,22,0
1470,4,93.08929200471297,0.9602328039647846,60.15127714012661,95,1245,6,0
1142,9,77.89547450165048,1.222174527404856,53.47705892376507,80,869,20,0
1091,10,84.81650979095893,0.6365196377822558,30.06115037677679,47,949,5,0
1353,11,98.11783900207575,0.8871349821811823,42.14207936621451,76,1573,23,0
1833,6,75.51278177078875,0.5628177981534308,54.22814307515941,90,1922,13,0
1799,2,63.38154538247369,0.8689794016499839,60.25114039186269,49,1743,7,0
1726,7,88.66457166297972,1.1531418532900806,56.72671007493325,82,1254,11,0
1958,2,82.43045509646501,0.6744233571116421,47.154536717936914,96,1927,14,0
1853,11,95.10862240371839,0.6228091373410808,34.54898511365569,54,1745,5,0
1050,2,83.69484920103007,0.7817651532962874,56.961991951290486,77,1400,14,0
1664,11,78.95660928436688,1.2091634576176573,47.62482518943597,54,1452,13,0
1697,1,84.24182604181787,0.9542077839906511,50.55089611692056,44,1524,19,0
1574,11,95.93068586613211,0.619017069588798,48.580636494332026,68,1032,19,0
1189,11,90.75369627192376,1.091012116496354,39.155764003389855,58,1050,7,0
1124,12,60.66097743451965,0.46898740153336266,52.91400169778391,93,878,9,0
1149,11,86.85767492086771,1.227311825760545,51.81167224890758,90,1875,13,0
1313,3,87.35762132401405,0.9712901360030318,46.593689256681614,49,1697,13,0
1569,6,84.81750034799481,1.1527114880013436,53.768846398899896,51,1720,11,0
1341,8,78.8911010843141,0.47044037832319296,39.00800362061355,93,1580,16,0
1304,9,96.94531874506444,0.8338883661719373,47.847977792935126,43,1025,13,0
1691,7,97.44033948134862,0.7732222146868569,50.20901978348631,70,1874,10,0
1681,4,62.96839539174138,0.5986041053106719,36.1205789429195,57,1857,6,0
1837,6,77.02040522258555,0.5407952759497217,49.54322711331157,55,1602,13,0
1782,5,83.5526934871428,0.9014162517519098,55.869161173450365,79,1541,21,0
1053,8,94.4850820371667,0.9195463416227249,47.574152607657055,75,930,5,0
1443,1,85.34852876391766,1.0599948093451506,49.72708077988524,64,1822,23,0
1612,1,78.16406199835076,0.6993157893346339,54.49875231387334,62,1431,10,0
1992,13,92.09533577307374,0.771678037968838,46.89759912906982,51,1637,9,0
1263,11,82.88663914449008,0.5235080150107816,47.617620803645686,73,1558,6,0
1052,6,83.8259914084504,1.10815716239895,40.58637188374026,75,1503,13,0
1571,10,84.72841566595923,0.8139096175514486,49.880505781433875,76,1296,18,0
1619,12,90.74308440838485,0.9445177003240212,47.32121213116176,42,1122,8,0
1004,2,81.91450398326212,0.9515810792222025,53.99271836042658,48,1414,8,0
1102,5,91.86946492647222,1.0918214314603958,54.50767963346591,92,1128,19,0
1195,1,84.26931031592927,0.6337201065465093,56.32967231210305,57,932,12,0
1773,7,74.32983413582124,0.9395173200694358,45.933917192838955,82,1634,8,0
1876,1,84.63223694304551,0.7949982587381917,32.58735131500707,74,1450,20,0
1991,4,74.84786596854785,1.2211354132681262,55.9331179717182,96,920,8,0
1883,9,85.40986789775941,0.6331271642007966,53.44896771277927,94,1405,20,0
1349,1,93.29473929231466,1.0342852695527744,44.91766716251128,73,1764,16,0
1046,4,74.26370993997885,0.8700683558456794,54.4395215965387,80,928,20,0
1866,6,88.64273405804438,0.8595712188412044,38.411281579870064,53,1914,23,0
1822,6,76.70962541646793,0.810804145209498,58.2419217029622,43,828,12,0
1935,12,87.01700559916547,1.0693331645673576,47.3310035856476,68,1521,10,0
1819,13,93.60204242020484,0.852770340214787,43.36857909596084,80,1132,14,0
1655,8,63.704869258899585,0.4951169323758046,45.0263875500889,84,1953,9,0
1268,1,73.85524173128654,1.043900713742449,48.1481201119983,89,1996,22,0
1369,7,81.31020554890078,1.0072403664263445,49.9039034136043,54,1743,14,0
1635,1,88.15040489181615,0.9174275368425695,50.386242243195255,67,1847,14,0
1105,13,83.33616670641676,0.5743052740504907,46.563140448335005,81,1922,11,0
1669,14,84.5411921801908,0.6053769279557359,51.60191658769183,55,1155,22,0
1658,7,105.42984525351257,0.4245114229527782,50.06623419466747,51,938,5,0
1656,3,72.87542721150773,0.8920659746359628,44.81941603540481,91,1997,11,0
1119,11,96.3548501636277,0.530090230365126,43.61447500462989,44,828,5,0
1830,8,81.50021872845583,0.4562498214275671,54.8669243431587,73,1730,19,0
1786,3,90.49474792498734,1.0549978238600088,54.19460828798324,81,1295,8,0
1603,14,106.289465557456,0.9536359128925694,50.4570908412901,40,1813,14,0
1057,14,91.88678023685426,0.7333656670338147,57.39356372792161,78,1454,13,0
1950,13,88.7249570979,0.773190683348561,34.30937875065892,71,1627,6,0
1345,1,100.99122335149376,0.3185311586032116,45.48484286794638,65,1150,18,0
1740,13,96.24798644593191,0.9833489838118441,40.749463101322846,56,1353,20,0
1473,13,77.00605923838565,0.6614537071022633,68.0501781211028,87,1098,5,0
1116,14,87.94524742453855,0.8660581726266282,55.70575856316789,98,863,6,0
1829,8,67.82504265859241,0.30228754764170324,49.36750413073379,66,1554,11,0
1790,3,79.59846611625748,0.9955136064323092,56.27992463076925,63,1569,14,0
1126,2,88.1405296759986,0.6494310461228552,58.93020531004092,74,1633,5,0
1392,1,78.97894647218742,0.5247915472421292,58.845053532192566,85,965,17,0
1907,14,87.73366745971924,0.7320796731023266,57.37362788080283,81,1305,5,0
1640,3,84.8661538434696,0.6807209564129031,47.899677413743504,93,1592,9,0
1057,2,90.36416732395043,1.0148535225819733,45.98907664412838,78,1632,20,0
1633,2,80.75800977971889,0.7159209755276746,42.30248656015452,65,1657,19,0
1512,6,75.59851085563287,1.0725234053226735,54.019578133832056,88,1605,21,0
1750,12,99.7812682617326,0.8660285231578146,48.72851411736975,77,1972,20,0
1801,1,80.04303257310056,0.978873577442475,46.65223175586243,62,1560,17,0
1095,2,91.60010593117119,0.7995667093544228,46.23470910617758,61,1632,15,0
1637,14,99.35247026472535,1.0544117964679767,61.60154104507751,43,1082,21,1
1117,6,86.62669998997532,0.5692752019434648,57.62144330273337,88,1178,21,0
1559,3,76.43693430556851,0.8227248914988654,64.64315084902532,98,997,6,0
1600,4,83.21390025452655,0.720712834113717,54.23213039913687,48,1814,17,0
1487,1,95.17540916606754,1.0793256959014625,50.45563552203919,43,1823,18,0
1236,8,87.06247545737862,1.0998068809318853,49.7967803940406,46,1355,15,0
1884,13,72.94858207795723,0.8000842518474237,41.83758762190821,62,1155,14,0
1896,7,90.96643833533713,0.541697779780839,39.90864806598879,41,1840,7,0
1271,7,92.69531469050999,0.8854194633583335,54.058728175142996,88,1438,21,0
1188,3,81.44688113882066,0.46707805299324673,42.522570316133965,63,1178,19,0
1998,10,91.10244375604746,1.1252285597566223,51.691662030937884,79,1479,13,0
1703,10,87.45018595460468,0.7053659858727923,58.923733464761696,94,1305,14,0
1446,3,83.0257046135796,0.793885967316501,44.67636853575283,70,1698,12,0
1580,14,72.06464256406336,0.6638097848386493,66.08385307673262,86,875,17,0
1789,2,95.77953895105757,0.6196436826598359,42.0744390324472,70,1030,22,0
1860,12,92.59210999919833,0.9474582633094105,57.921558051918765,86,1761,9,0
1246,1,90.83886294375313,0.7682766645897358,53.398049449058895,79,1101,10,0
1962,7,100.44526003678094,0.8084965077846351,59.55276199956921,87,1525,21,0
1075,7,94.45193727013594,0.5992217841562322,41.07041910912248,90,1014,15,0
1153,12,91.86566006151563,0.971211844699408,68.45616733562889,82,1981,20,0
1655,2,62.86772651973169,0.9915579470273734,48.56979932973675,73,868,13,0
1434,7,96.96894951802416,0.7582143026240846,55.41318351439425,94,1192,6,0
1996,13,85.83080514282051,1.0535844266663776,61.555899911572006,63,1908,9,0
1085,8,88.12491680257139,0.7791751691550955,45.16270346003827,88,1066,5,0
1696,1,88.19333189693386,0.9559510992577642,56.60581090357743,99,1892,8,0
1284,9,92.7383274364228,0.4754144838339805,43.82824283822806,65,1410,8,0
1973,7,96.22175028801685,0.8706861732972825,61.175692643662714,55,1808,7,1
1219,3,91.34241143059222,0.7457037064786131,43.91855415017013,96,1761,13,0
1068,8,89.75285589319891,0.8311044851909992,50.308055859966075,86,1527,16,0
1046,7,87.31512739295572,0.8221364811311653,52.448965608095676,52,1472,14,0
1093,11,51.48389483095322,0.8251399644353968,56.27439815778092,54,1222,6,0
1749,13,82.12408980549812,0.9231401458725107,65.74781046741236,66,1997,15,0
1957,8,75.58410482649354,0.6869652736788043,46.38424808308408,43,914,14,0
1452,6,97.10739538939086,0.9138158519071287,59.10987819418885,55,1019,10,0
1203,9,91.19037198286294,1.0465049766235814,65.7620675890731,69,830,22,0
1911,5,80.41863012786266,0.5179717990039354,51.325866886919336,83,1953,6,0
1217,3,81.42282817730755,0.643891980354135,45.598937999037666,69,1416,6,0
1473,3,81.06018636697578,0.6522929148997628,36.15973008451767,75,1338,14,0
1431,1,80.88173845681081,0.5815908401098082,65.0662061392885,42,1538,20,0
1340,12,70.55442556475202,0.7050604460725882,48.04444536060509,61,1825,16,0
1550,8,68.38720506722233,1.006623703079968,41.98913200615559,88,1670,5,0
1611,2,85.29046772381744,1.0895173849024857,39.133359326321894,61,900,12,0
1288,3,95.75314139359355,0.8212349939493004,41.97428647687967,89,1881,20,0
1253,8,79.62310302572138,0.7351527978303599,57.357642345817325,96,1491,22,0
1733,14,88.03444750924045,0.960584793816132,58.46294822139791,89,1740,17,0
1356,8,92.34260917176725,0.32720630114956406,55.21697497164429,94,1140,19,0
1022,14,75.06621794416144,0.5889643055793684,51.05870261882691,99,1660,16,0
1761,11,84.80024571280097,0.33567391866001695,40.035835283989314,88,1843,12,0
1521,4,78.33479518726485,0.5868600565289117,44.16047243278362,51,837,14,0
1757,4,101.06119491831294,0.6465964946196,41.14704471454979,94,1459,18,0
1836,5,100.62459506862115,1.0955363755875358,54.58256804421012,60,1727,9,0
1099,6,75.07657160125149,0.24778760676880207,41.49350016910637,95,1849,22,0
1801,5,88.85884383084326,0.7166594799531333,44.28603111157126,43,1253,23,0
1179,14,95.6759930081249,0.9239132944356215,48.532102056011944,70,1536,19,0
1222,7,93.4832950037633,0.8821461326538187,36.64159877522923,83,1618,10,0
1905,2,85.81563034984366,1.092347626706979,50.37417144672677,70,1572,15,0
1761,7,98.06557461764348,0.8322102957193177,49.14277695171571,97,812,15,0
1658,10,75.95485311010567,0.8748556360962291,59.473673167693526,62,1714,22,0
1441,7,81.96907055605308,0.43229863363948995,43.44107563972999,93,1720,22,0
1607,1,76.22357580240426,0.6023462283646382,39.60643585350132,92,1624,14,0
1768,7,92.82493494700621,0.4434590513103953,47.00752280326972,59,1170,6,0
1324,5,79.17363125700548,0.91452162158282,41.21526965251187,54,1131,13,0
1515,3,83.28750824562914,0.8697380903514492,50.313236734505,62,1060,18,0
1015,13,91.17670368265749,0.8627075934567031,35.120521105387155,67,1496,23,0
1791,3,91.98249913777816,0.6237132783083852,45.15723677298175,55,1486,14,0
1335,4,75.92873653744749,0.605410044136667,42.573026641422246,76,1749,8,0
1758,13,95.56655283772793,0.8418893864592836,54.54205661668855,60,1186,10,0
1257,12,89.55689668667252,0.6661227894457731,43.51548232299708,54,1620,18,0
1496,2,74.18297160419598,0.5959190872335527,36.111233931212006,56,1267,8,0
1987,2,71.72284104243387,0.6983221257483864,48.385439224523616,89,868,19,0
1895,1,84.84180289737932,0.6678515927929384,52.55908912219607,76,1927,20,0
1159,5,93.5009398931681,0.6266554050743094,47.830358453914194,52,1984,11,0
1474,4,93.7571586240098,0.5548464366484797,45.109417766247134,58,999,21,0
1851,11,88.56166877224842,0.8897379536677814,44.6275031953259,69,1015,23,0
1663,10,85.48674838326826,1.1112098878954115,50.903584259536274,84,1011,23,0
1907,2,90.11737669079005,0.7921991598762693,42.88441000608361,57,1307,21,0
1689,3,76.44669485610741,0.8444868273939856,47.37213622871573,53,815,10,0
1674,7,101.86987863025391,0.9072755705203408,56.003572567098985,75,1683,15,0
1379,7,101.7393841812252,0.8733131514386244,39.589415368754835,75,1131,20,0
1544,12,89.28812314620697,0.6306175343366042,49.650663842077826,59,1516,12,0
1928,4,86.97300419992852,1.1439692422205172,35.688084697623964,91,1350,15,0
1956,5,80.8857902734063,0.6485378972644078,51.82343736007962,58,1741,11,0
1690,5,90.2874884579966,0.9296176729320819,42.16952631360751,84,1055,23,0
1426,6,78.08682628983223,0.9060382614685824,58.15673450424636,83,1791,14,0
1612,14,62.76387969004469,0.40831169157307245,38.18442152283721,46,1527,13,0
1267,9,57.858926995089135,0.7282307166174162,53.536632294408065,96,1679,8,0
1834,2,77.00501666836513,0.8113256903624341,59.76904862821195,83,1614,19,0
1576,5,86.56378122918278,0.8266302422848573,41.75448478863625,92,1995,17,0
1416,12,88.31971733953483,0.8602841031033535,43.104920568040484,43,1448,6,0
1167,3,80.13242991490715,0.9515325745879952,42.44643484498722,98,1799,6,0
1841,4,86.41835167142904,0.7984969271458444,46.113098492765566,73,1270,20,0
1042,10,82.25771642945469,0.8709235136035889,54.13937439351572,41,1489,13,0
1555,6,75.00687242349862,0.7910090826455234,45.45996052890301,44,1499,17,0
1284,12,84.46255491030875,0.5965332686490453,41.03233419834915,94,1306,7,0
1396,8,93.12957112365649,0.8064802882739348,33.84997034733368,49,1791,13,0
1011,1,75.45938252253677,0.949817968850614,62.81558005209917,71,1809,17,0
1606,10,75.46395386980302,1.021757676495073,63.44396504331718,81,1603,6,0
1301,14,74.30749406047842,0.9074631315088408,54.481896315907655,80,1630,12,0
1897,8,65.63481265491885,1.06687006518986,43.51693044460012,52,1013,13,0
1252,11,80.19797625852982,0.8837729494817962,55.981616921053174,78,968,20,0
1498,14,92.1408611295253,0.9727759643337675,57.58965533994453,44,1777,6,0
1753,7,86.73916083833763,0.9874782298559572,47.96601494869813,97,945,10,0
1034,1,83.30749115943694,0.7553298918232529,50.330948351991125,49,1315,12,0
1726,2,86.2906479824017,0.9452006865135337,59.85414583591594,49,1913,9,0
1848,3,80.11018512570841,0.6118710204718172,36.87630914354873,77,1252,13,0
1089,1,65.52113362736527,0.8699624685097728,57.98738258497739,66,859,5,0
1775,14,92.83718781814565,0.9154051653336907,47.5267695091479,99,1327,13,0
1604,9,95.71124573784651,1.010219024139866,41.0993735839116,90,1823,14,0
1921,8,77.71843223932213,0.9641518607962614,41.75754821364529,60,1273,8,0
1969,2,83.49164379393444,1.0128228366669427,43.0822229238473,47,1556,7,0
1601,13,82.6300082893984,0.7801239339747155,40.31943423919037,40,1581,14,0
1417,9,88.51288809424541,0.7309213690659906,64.17111179511213,67,1902,19,0
1114,7,101.8989345662629,0.7450202484228768,53.92962350800801,88,1232,15,0
1616,9,96.59791245289306,0.8532567460897261,58.51586202886855,78,1976,18,0
1902,6,81.23085774586104,0.43825059687154955,54.49894633293342,53,1200,10,0
1195,6,90.42463861500237,1.0663513940789109,50.48982086776139,60,856,16,0
1825,11,97.54356868572712,0.808774671965795,50.598042586925054,69,1802,17,0
1500,14,89.08345164394778,0.7169996835329762,46.8198988887211,60,985,21,0
1625,4,84.95300595559827,0.29405675787890784,47.47374098847864,88,1197,20,0
1492,10,89.46000094667185,0.7926372987643435,38.73517300949687,48,1404,7,0
1074,10,77.96728477436527,0.7603046969848489,58.65460920832211,56,1587,6,0
1412,13,79.42718875895919,0.620590713870949,35.494133711975635,44,957,15,0
1375,13,74.35965764798902,0.6653906309745976,41.53111527576641,97,1388,13,0
1419,2,88.07064516570243,0.7946726711109674,66.09627304768489,96,1265,7,0
1728,7,83.68597093977762,0.6823527080824634,51.089383064518614,70,1245,22,0
1276,5,76.7688193865192,0.9143756132356712,51.42168356024159,91,1600,19,0
1760,11,83.35820588379495,0.6502432822711968,55.09870838214183,79,1896,18,0
1675,6,89.6999826076317,0.8309216859041556,37.67730005502884,77,1728,6,0
1393,2,104.14712305997992,1.036009073762234,38.84965306823982,82,816,21,0
1868,5,95.12067864703857,0.7926808274874898,46.44084522760923,58,1530,12,0
1456,10,62.1585214251766,0.8711954247919491,42.77311233961848,75,1125,14,0
1919,4,87.39308466820346,0.8585302774801197,49.400352279924796,89,1794,22,0
1191,9,99.29324262712855,0.8015993799234532,53.88439436241709,72,1412,23,0
1738,6,71.62126508789767,0.786598571611298,61.11330438296477,52,1345,12,0
1688,2,90.51559270212424,0.6857251557100177,56.48870671831673,53,1395,12,0
1098,1,82.63357814468954,0.8302024581115639,42.04578630648837,95,1720,7,0
1547,5,96.5029053091616,0.7433464982321066,47.00028737641766,72,1641,7,0
1977,9,89.04257195013452,1.1092180336469415,44.82443863000309,68,1143,16,0
1998,6,76.15984545440793,0.9622286518219824,41.867512967901206,82,1658,21,0
1095,10,82.99148521709381,0.5094408208223309,40.04659909857734,88,1244,8,0
1663,12,83.58304323952378,0.5205684003563845,63.31449910179632,75,1021,21,0
1662,7,83.76821785189951,0.7739080261921271,50.0851379458612,97,1391,18,0
1189,5,96.19262944775264,0.7209389045120508,48.20615834716202,83,1830,23,0
1735,10,76.5738007860977,0.7633612163556149,53.87406053275441,49,1817,13,0
1036,6,95.03051309661184,0.9302322921304627,54.26996882993258,70,815,16,0
1779,5,81.9775032407848,0.8631471797754714,58.95060522965137,45,1323,9,0
1368,11,87.23511106329165,0.8611258460916309,44.050707093065874,96,1602,15,0
1694,9,85.72377586281034,1.0892389330990788,53.22177773498257,40,820,7,0
1524,6,84.78194661918165,0.5222216891653841,42.71060818919337,46,1027,19,0
1278,11,84.86397165554678,0.8207877668297798,48.478736450090175,97,1807,18,0
1216,8,99.57358558271021,0.6841894904105492,50.45394053729643,66,1608,15,0
1866,2,93.42449924906144,1.0870871571678704,51.23587196575249,60,1957,12,0
1872,12,81.3728431042007,0.35812967883533126,50.882568846777524,67,1203,8,0
1797,13,100.82787254122091,0.3669036828573997,56.41464786035935,55,1889,16,0
1272,9,87.74681073992853,0.8609272592696102,45.22409287219382,95,1236,12,0
1880,5,88.57624259323894,1.0252593118648294,51.45339418322777,85,1628,10,0
1061,7,76.62680920668609,0.9546508642634101,43.9287612838368,62,1733,19,0
1595,10,80.02501341594859,0.6398038413364584,73.36602052708704,91,1058,16,0
1879,13,78.11496492072824,1.101284344400316,42.697085457890964,59,902,20,0
1728,1,85.86072864993675,0.5537062502811584,44.394778765243565,77,1792,20,0
1341,10,91.38783079448208,1.061496837908669,57.06118461610496,93,1568,8,0
1396,5,88.67232299422213,0.5801543499283713,46.564278851990736,64,1924,15,0
1698,12,100.88044156069581,0.7296351655325557,57.064369021608236,67,1612,17,0
1018,14,76.12241994788765,0.9278539075713835,51.224180749807076,44,1025,13,0
1176,10,86.14869043538881,0.506758433820767,46.77448586756968,95,1742,8,0
1611,14,72.17060670701706,1.0938046795081535,43.97795720700178,60,1262,16,0
1395,2,75.78129028396738,0.7284112337197372,43.68930750690502,57,1036,13,0
1444,12,97.64578377338464,0.8274552271356579,46.861431979898065,86,1849,17,0
1232,6,80.36835133528534,1.0324401578081506,48.60482945324162,45,1944,20,0
1914,11,76.9663620393973,0.6413749309665701,43.34495005260901,96,1305,10,0
1075,1,63.700231244170524,1.012162737251078,49.12614055850764,68,1613,14,0
1264,3,76.86645352211082,1.128106714178474,41.24707765865594,58,1566,17,0
1454,5,82.94719725805021,0.6688842005340843,56.04720973277082,72,1433,11,0
1795,4,71.42597040213789,1.073877534519259,57.57889919567972,40,1790,23,0
1717,3,82.37216611017531,0.44788428115167944,44.36539847833175,84,1417,23,0
1734,10,97.70631060658224,0.8779200789589134,43.91861555907823,42,1072,21,0
1383,13,77.92694659671668,0.5542802968592383,51.423334456078976,81,1031,17,0
1563,5,75.56616950630064,0.9885137097072378,60.12292874425252,60,1567,17,0
1850,11,73.76098533134908,0.9720912096844407,61.89330931402539,74,1295,6,0
1505,8,73.582359074842,1.2154759991182487,38.77805821410986,80,1847,14,0
1366,11,90.35577446888429,1.0842565965905,58.050438637212196,79,1932,17,0
1143,4,85.4866873688305,0.7668457604797091,49.507573296518444,42,1301,13,0
1884,1,94.56856879275574,0.583650502540232,49.662482396315724,64,824,5,0
1068,11,105.19837891654255,0.9131374159338781,54.03769892520449,84,1087,18,0
1098,7,66.69608868090852,0.7878537179229014,46.15234023667109,77,1137,20,0
1395,8,88.80078708441773,1.1102310089191407,58.77360505686644,84,1860,19,0
1024,3,73.81380665566441,0.3667238313168444,61.391698174158456,94,936,5,0
1947,6,92.8889929803345,1.2376113518577254,61.69027422028189,59,1307,21,1
1890,2,82.28087998926564,0.9063981215223608,35.24868169387776,91,1026,17,0
1468,7,85.27322760864173,0.6373975756559256,48.162741850172566,83,1119,19,0
1483,8,72.16822572070191,0.9467978454837133,34.51815532153794,84,1715,20,0
1564,6,80.73572974886832,1.0594842842579408,43.877759504453266,73,885,20,0
1150,6,85.8966225110826,0.8228693782607378,30.820009030962737,60,1725,6,0
1143,5,98.56078146806708,0.44701592317103145,53.602133077115894,95,852,21,0
1568,8,77.05439472591446,0.7412305927305789,51.754477084641394,94,1659,15,0
1038,1,79.49308428469686,1.0078790106084277,46.53919114754587,87,1666,12,0
1108,10,94.44289642182281,0.8993329468454749,43.67081511559759,62,1232,7,0
1692,4,76.4065971630069,0.7686985938329255,52.51225299482936,45,1798,16,0
1041,4,96.42385143974126,1.0616631661782872,41.90862342903123,90,899,20,0
1185,3,84.90913425273745,0.9478611681664594,41.36430308186139,92,1789,18,0
1934,3,88.03122961591843,0.9632678311876688,40.380670384522325,52,1398,20,0
1397,4,88.6752230250937,0.7178730616038398,48.369272554090806,88,1202,21,0
1222,11,78.83779446593392,0.6985232636507803,45.3415394437379,62,1195,15,0
1633,1,88.89886819472395,0.46000805586339577,46.926095852290636,48,1214,21,0
1132,14,77.276302156857,0.7481216488125488,54.17446992014985,56,1738,23,0
1162,11,79.9789699590112,0.9870784107596257,57.70637283887599,41,1476,5,0
1214,13,90.58690966033275,0.7591813405968827,61.60384627916709,58,1262,16,0
1732,11,87.93393955641903,0.8891077693058012,50.48109582374634,58,1340,19,0
1234,2,84.25035049160952,1.0222398713306562,52.78071282050216,95,1953,22,0
1842,9,72.41268350736989,0.8745665983597265,51.51077085704731,46,883,18,0
1657,10,74.9084171065037,0.8941029523521604,36.606514409488774,93,1070,5,0
1750,2,87.76709043904985,0.5284355075924891,47.042423552231305,81,1043,17,0
1587,5,92.32140563485116,0.7354870431796046,47.07921421807469,81,1187,19,0
1008,9,73.90354495479242,1.145325301299319,45.91349739384311,98,1013,11,0
1073,9,76.60174752547832,0.8207594362192188,49.6724853710493,59,1617,19,0
1953,8,86.34185174177719,1.179347636399315,48.24415557428537,48,1989,14,0
1491,1,86.12787862629094,0.6553768738722106,42.10938588859954,56,858,18,0
1912,1,68.76042791238959,0.846789490426908,48.79179236922357,66,1682,10,0
1252,9,86.6156301343999,0.7234643124896264,44.887596823319754,86,1642,18,0
1229,13,79.01632189769781,0.9183969370249107,29.04605818466486,41,1723,16,0
1518,11,101.41046629728959,0.9790017336120242,38.82344863751629,75,922,15,0
1173,8,87.49198542735657,0.9204932191401801,50.71131460650463,58,1962,23,0
1652,10,89.21473449875903,1.0083704287496058,58.735130513232875,56,1238,6,0
1167,9,89.47359302190611,0.7973654022955347,30.58237393857388,44,1821,5,0
1169,7,72.86072619347436,0.7618943264672645,43.03686692997074,78,1361,12,0
1392,3,104.43876893108603,0.44836139854480567,53.45163067195808,57,917,18,0
1945,3,68.77088752548826,0.9276901870329131,57.025563710025345,92,1704,13,0
1794,2,92.95703141699742,0.8344368184480315,46.63909150739185,93,1194,6,0
1633,5,91.18663937480649,0.7864170524874934,44.537741132631446,98,1675,9,0
1193,12,80.2299762008704,0.761836518909131,59.75768599912155,46,1734,12,0
1516,12,91.66450316713389,0.792624087731242,56.36874164798855,56,1901,20,0
1028,3,81.82426801176263,0.7527527737004166,56.868947184608125,78,1751,20,0
1164,14,78.24538555144221,0.6943932322873391,46.25548798007404,75,874,17,0
1421,6,89.69559169352928,0.8479177761448338,58.90955390146943,79,1094,19,0
1338,2,74.93439008912098,0.8968318237865907,34.439450137090304,84,820,5,0
1647,12,82.75744841242431,0.6458864171227638,59.049840733272106,43,1994,7,0
1495,3,79.05823251270043,0.7198528861625219,49.46774277246488,77,1838,10,0
1364,5,81.64020490427055,0.7590756497470263,51.03147352998252,64,1359,18,0
1832,12,89.32728599130185,0.800962661475357,42.437978735380185,44,1909,8,0
1341,11,79.05633627653793,0.7743629060828466,35.4877892151348,69,1972,22,0
1499,11,83.07676086927636,0.9319442399312788,50.86163318233385,51,1171,19,0
1656,1,79.96854748098418,0.46952659685923814,54.41115639673118,43,1617,13,0
1510,13,99.43996665574545,0.5049925603319767,55.62153907855012,63,1974,22,0
1326,1,88.4261239821389,0.8387138798507157,54.75822876659669,68,1964,7,0
1216,10,87.2006963296672,0.6794628304344423,52.94529356042766,48,1892,14,0
1300,9,91.83418504623424,0.9768484611547622,42.60970851045632,43,1645,21,0
1131,7,79.05865423225113,1.03396019051771,56.13980858016026,90,1320,11,0
1803,1,93.5925722499984,0.8467494352845821,41.71502122019737,63,1170,19,0
1069,12,88.46177745832742,0.5856050167451642,58.85651388852108,53,900,5,0
1251,14,69.39109097245935,1.0109187032454119,49.32814504955061,44,1460,15,0
1414,8,70.71969166899235,0.8397805324300656,49.59432624107613,57,1767,21,0
1786,3,79.27702947215934,0.5026128054945764,56.92741294644082,81,1042,9,0
1444,8,71.7899350413483,0.5202960703869632,58.01174900427311,96,1552,11,0
1875,5,82.61721539300417,1.103389357941729,56.16510943160111,58,1311,23,0
1181,1,74.86262008584136,1.070227182652246,43.43633720355465,51,1648,19,0
1166,7,84.02276946929081,0.2965713715807511,56.10135640350842,57,1354,7,0
1090,5,99.11709375931456,0.5284418209484247,43.48168312023642,56,1918,19,0
1713,6,84.50623096443815,1.0281710991243311,56.30321121382127,69,1025,9,0
1857,6,81.97035545098072,0.7963014823213904,38.59869443150188,63,1013,16,0
1530,8,88.88242647785344,0.9403698570984187,49.25055950449308,50,1517,9,0
1038,9,78.03580207077397,0.7876094507803807,43.43287088395463,74,866,7,0
1125,2,93.43414309396,0.9308984980142407,56.95948521958421,62,1195,13,0
1450,9,89.95212953124113,0.8011667093330868,58.92133419271211,56,1411,13,0
1172,12,85.38865562048564,0.7124783486486068,51.59197211033546,40,1835,11,0
1652,11,86.54315831633586,1.0117487659829618,51.328873151503075,54,1569,6,0
1753,10,105.41745910562852,0.8404109232051292,55.63341697984909,71,1206,20,0
1219,9,94.42312210267868,0.9304777432487134,58.96891903959294,99,1724,13,0
1637,13,106.99526631161334,0.8314895849921534,50.298489397297296,48,1446,17,0
1057,10,90.32030193292452,0.7027286212900374,46.00259740041616,54,1021,23,0
1659,10,70.28308557329312,1.1216778622714385,55.178139891523905,67,1979,21,0
1475,7,82.3782629713616,0.8709936509515331,35.13018103125063,63,1453,10,0
1455,1,67.99795125451934,0.7289902711255697,57.2772123164706,99,1227,8,0
1828,7,90.28303034666918,1.0556658940637433,44.3185044044663,74,1981,5,0
1894,10,92.45404197345403,0.5358352452242086,48.078177069820406,61,1776,22,0
1360,5,76.14084004040721,1.2472567301591972,57.32841058494649,66,1805,23,0
1934,6,78.44363620353147,0.7641700484673144,46.67592386888247,58,1170,13,0
1000,10,86.48750896235215,0.5463971585233247,55.17927102859842,84,1649,17,0
1386,7,73.01895936735782,1.181188269691513,59.111270032595314,51,1655,12,0
1972,14,72.26840230757468,0.7073664773854418,50.88026472038005,59,1028,17,0
1347,5,97.3863204804112,0.8486489139711255,52.491585246597694,40,1079,19,0
1189,7,86.14710618163969,0.9435381482878927,49.044513008450245,60,1870,15,0
1504,9,79.41890642294044,1.0368345055320292,50.924783976509765,88,1774,16,0
1190,3,68.07881111442781,0.8599549127443129,41.068761760399745,84,1557,18,0
1507,8,93.52351356894472,0.6705369183339926,47.6500953075354,40,1847,8,0
1368,2,78.15481787783031,0.8437985046667985,39.69435514413985,49,1120,5,0
1408,11,103.60684445870538,0.7161368909336558,42.80986220378081,86,1073,8,0
1823,7,93.59310097693445,0.8498023352729048,33.9764078346227,98,1355,23,0
1928,13,76.91858145592731,1.1256299091513717,52.111425228039096,98,1643,13,0
1933,2,77.84528302868529,0.9511850383287588,63.53281732301931,71,1467,14,0
1116,14,102.21851162944331,0.8413292876196679,46.351154118875435,78,1799,8,0
1133,4,84.15740553165496,0.9476981665212681,57.721068724579034,99,1179,13,0
1057,7,79.8668877167663,0.9620161303818372,59.00554252813533,61,1510,17,0
1555,3,85.2772168847657,0.5844251794062549,40.40690212521383,57,1545,16,0
1684,2,79.8208734994621,0.8083445422431396,42.12964865847342,87,1474,15,0
1671,11,87.41048477108166,1.312505531866503,57.92638470681766,85,915,16,0
1172,10,84.24176378481737,1.0425641970063733,49.261269096065185,71,1404,22,0
1828,7,93.75507980511509,0.69931288816776,39.67368907079526,66,1865,16,0
1814,1,81.11425896760873,0.6793584207764757,44.90512330457114,67,1178,20,0
1148,14,76.15183633310353,0.6726948553648796,53.35728195849652,57,1265,9,0
1079,8,81.51015303376414,0.9732639900524115,43.64850660716133,98,1079,16,0
1885,3,81.44916101775954,1.1215281842232436,27.803705076524846,78,1417,15,0
1212,12,84.22466184806007,0.9164334088960117,47.42389458233731,88,917,13,0
1202,12,91.34540288057225,0.8314324699737636,48.07205444915843,68,1108,22,0
1763,13,90.7990896747192,0.7111689284734457,50.07381147315462,57,899,7,0
1228,2,96.99658675858568,0.8658746291167054,60.07106698631624,83,1060,21,1
1675,3,76.88510322266475,0.6359756559807581,50.428182383192365,47,1792,18,0
1226,5,88.88720123051108,0.4128468905577523,51.943498835405656,93,1085,5,0
1658,11,92.27319847020715,1.1273651380224898,58.44429578919535,70,1127,21,0
1531,8,78.25779593688137,0.5988374659275781,50.082752126686096,73,1926,12,0
1440,10,82.92368947017621,0.7350335252661362,67.09216596232082,46,862,9,0
1401,7,67.50022125781203,0.9312714901258582,39.89033364816798,75,1486,9,0
1046,7,94.06857695125736,1.0868933738692108,42.52681829513725,57,1537,13,0
1232,12,82.8450179768013,0.8514261304837243,54.91166726616651,99,1830,7,0
1304,7,93.06564176680999,0.5612578024678344,60.03450826350911,77,1438,23,0
1525,8,87.06049517879514,0.7397307100616898,48.393640025051006,98,1735,13,0
1142,1,83.14834771025126,0.6643029189949842,41.91503063368475,48,1915,22,0
1414,4,69.07197200647514,0.7923577945057358,64.08791668180281,98,1275,20,0
1512,13,70.8504738928356,1.0463968942539272,43.66104884156552,48,852,5,0
1372,6,59.06853815658258,0.29252228078602316,52.71243560906383,85,1553,6,0
1565,9,79.37386517171343,0.7177220339945019,60.51321449078228,47,1285,18,0
1885,13,107.78248703181248,0.7031900727225964,46.46715821263183,90,1935,18,0
1258,2,72.12052610482,0.5486477310208722,45.022977301946284,74,1208,5,0
1655,1,58.685681165800936,0.9170981487499232,45.570498063762685,57,1830,20,0
1470,13,94.62668919585532,0.5170048256247903,57.212410052598116,44,1467,19,0
1952,10,108.63717869296701,0.540021144140735,58.481181641621276,53,1634,19,0
1970,12,87.97921065259803,0.9702138428041228,50.26980313409702,67,1675,16,0
1011,14,87.8873239471996,1.1001142737925338,65.06465802455787,69,1166,20,0
1329,2,81.90117926356248,0.7847806462776082,50.25573247416102,43,1801,18,0
1735,7,67.0574276948994,0.5565207762021469,60.33866571334532,78,1049,19,0
1783,3,70.49288082256524,0.6588891816443501,46.54398716599248,59,1179,19,0
1967,10,81.83246670601481,1.001600389449009,68.67005226964451,64,1671,23,0
1357,2,79.91544659970256,0.8232876481326787,62.56105132463769,67,1634,12,0
1971,14,83.84827072230058,0.7797922446236155,48.97620291577188,51,1574,6,0
1407,11,93.2932482392816,0.8626099419826293,61.47632166973602,41,1718,6,0
1667,7,79.18162168082979,0.792468011294912,61.07184392937614,82,1254,14,0
1372,13,93.49716756404611,1.1091424595318435,62.42432861034119,53,1165,7,0
1007,13,79.2471029009723,0.6501713470612798,30.144109314237557,61,1202,21,0
1121,2,95.38239592865757,0.6272081766329574,55.75481159432668,70,857,12,0
1347,3,85.86367567073424,0.5233092963862689,54.33839015444593,62,1320,8,0
1675,11,80.64169659078487,0.6920024728548619,53.768586247547624,87,1938,18,0
1089,7,85.6929406054889,0.5816049050667691,51.74677146718318,59,1009,14,0
1647,14,82.06461157842433,0.8436151017305448,51.98249023611621,77,1864,5,0
1697,4,86.13134237679972,0.8041894731050288,60.265122442384644,94,1615,8,0
1315,13,92.58106198517471,0.5841848999864048,54.31578698954698,43,972,5,0
1177,14,84.1278440158435,0.9178278718055946,51.7352515498589,54,1033,21,0
1539,1,81.30431147146219,1.1033625734259749,59.11504811868495,63,1592,21,0
1731,13,73.7648379508917,0.8715676697342047,53.34420942729496,64,1592,11,0
1868,14,90.79178019291714,0.2913003634089053,54.108547418827044,40,1862,19,0
1040,5,88.48272226402725,1.1974261941340212,64.93629687048983,46,918,17,0
1739,12,73.18057149072479,0.949384693814212,46.52415429960282,96,1134,6,0
1703,9,93.3549427792076,1.1912836506376903,37.87431729279006,70,1897,23,0
1922,8,73.01815967397664,1.018144717229967,50.57890808792638,51,1123,17,0
1501,12,95.29221791233894,1.0581030837741119,51.716346759655714,81,1810,15,0
1958,9,91.87863327187017,0.841053378720217,55.772232235657526,44,1970,19,0
1144,10,89.19665522598069,0.7475407975620335,50.85852731729569,83,1083,14,0
1200,14,81.23004840832964,0.8746962375464321,56.04095395178047,89,1012,13,0
1928,9,90.75779782666453,0.6582429839506921,70.03693344217255,81,1728,13,0
1723,7,95.7637199524118,0.8867761701800465,56.412114551016074,77,1551,5,0
1460,4,90.92351921108174,0.2746427485298579,57.818522408411745,99,1138,21,0
1731,5,78.29749978273762,0.8085864490428826,48.963748738220524,51,1845,16,0
1751,1,87.67406982355465,1.0689352240204266,38.91794328394158,78,904,14,0
1924,14,96.32034986295037,0.8188617157857931,31.615107302962038,57,1569,9,0
1908,1,106.99098180556703,1.1454965476061976,45.850555342914255,41,1515,22,0
1557,3,82.94787025500804,0.747250922430279,29.357026752279044,49,1562,19,0
1546,13,93.5788310613143,1.0005301825975657,54.10839220015419,54,1178,10,0
1252,14,96.34480520084318,0.6243459852653268,46.93746412460116,69,1512,11,0
1389,8,76.87595001010236,0.9923913239110758,39.493001068198055,83,1024,21,0
1593,14,102.82078318061481,0.8465189816455634,51.046992959589005,97,1537,10,0
1882,2,74.34815315916555,0.7560499008314543,44.09094245086557,56,1035,12,0
1255,4,93.08985515032975,0.285223576987116,53.606210029206146,43,982,16,0
1708,2,88.05319779547067,0.7491246448388901,55.66101063858003,46,1511,18,0
1814,14,85.5557555999816,0.8426906038559622,44.38532669609246,80,1243,16,0
1920,5,110.46833281448644,0.9657418870439836,48.10175055127739,70,1422,14,0
1449,9,81.987447646732,1.1121899598198135,51.719166030705765,90,1829,19,0
1009,1,81.82654407271392,1.2070065402731822,38.7436622916606,99,1950,11,0
1823,5,98.31478807397795,1.049253468624597,51.71846018301613,98,1927,13,0
1797,14,92.61803778086784,0.6875819349391612,38.55185081536484,94,1548,14,0
1241,9,97.82098920958555,0.7390391820964523,54.52573583642295,78,954,14,0
1250,1,86.16869382341113,0.9477830942087366,46.5186906989744,94,1056,20,0
